Instrument,Revenue,EBIT,ESG Score,Environmental Pillar Score,Social Pillar Score,Governance Pillar Score
A.N,6510000000,1608000000.0,80.0062849381866,77.6260540249044,93.3923012057968,63.4921379453651
AAPL.OQ,391035000000,123216000000.0,71.2106594062627,65.6525923688714,65.0058715538081,86.907586940966
ABBV.N,56334000000,17407000000.0,71.8147704440022,64.1229570077944,93.5743544098113,44.9369442594289
ABNB.OQ,11102000000,2546000000.0,34.4066505354018,19.9509037042131,60.4302958398817,16.3341244614562
ABT.N,41950000000,7039000000.0,83.5608894201261,78.948119913717,85.6294431091609,82.9899194992214
ACGL.OQ,,6645000000.0,59.6685459275556,38.1049529630562,62.3814463237321,63.6913597868494
ACN.N,64896464000,10034287000.0,81.2167017977479,77.1057898971381,78.5095222617893,84.7811577461173
ADBE.OQ,21505000000,7741000000.0,68.0457716193253,74.9805089389587,77.1218657699698,58.1498249048247
ADI.OQ,9427157000,2070056000.0,70.1014268038911,61.5698103990111,70.7602014310663,79.252388354908
ADM.N,85530000000,2589000000.0,77.447651366321,70.3508828403622,79.6271152658195,81.488467451853
ADP.OQ,20560900000,5428300000.0,66.6090393463164,38.5994494873088,75.4793796273029,67.3735677287246
ADSK.OQ,6131000000,1416000000.0,79.0880429845512,65.6432660204732,70.4511711074807,90.5587824123631
AEE.N,7623000000,1516000000.0,50.6664547526762,52.4955754122421,49.4625638116847,49.0996145808791
AEP.OQ,19238300000,4716200000.0,63.291530219821,68.6982010166848,73.8622771704795,40.3582188292965
AES.N,12278000000,2126000000.0,73.451149143734,56.8560998639561,79.1970488733216,94.1930632708926
AFL.N,,7465000000.0,43.2741225967775,33.1957547169811,46.3643767366101,43.0282820602382
AIG.N,,7155000000.0,71.3964909211595,64.1829107078476,65.819611546832,80.3073769289788
AIZ.N,,1059400000.0,66.4559235091821,43.6671023114209,61.3539057474096,80.0045512971704
AJG.N,11554900000,2769900000.0,57.8264558082395,42.7516774826744,55.645779438536,65.3955043480819
AKAM.OQ,3991168000,638854000.0,66.8084379479706,61.933386809953,66.8200581199148,68.2609470302016
ALB.N,5377526000,-640641000.0,70.7330247365399,63.8543725463588,84.1468678448093,60.1562983390698
ALGN.OQ,3999012000,671764000.0,46.3581360338495,30.0134204333758,38.4042256739509,64.4583186212705
ALL.N,,14261000000.0,74.3479620536318,71.193090774346,59.2713423397528,92.9889754795858
ALLE.N,3772200000,800200000.0,43.120183364839,67.740808290862,60.7022170192737,11.7818181818182
AMAT.OQ,27176000000,7867000000.0,80.4005556981022,77.958022069914,87.3978631657593,71.786038730294
AMCR.N,15009000000,1353000000.0,66.8701393162504,60.648080909439,65.4965259459642,78.7381404174573
AMD.OQ,25785000000,2289000000.0,70.5807136458024,70.8850659589019,69.7045123275685,71.6612230451693
AME.N,6941180000,1779562000.0,54.1816289368828,63.9493353126017,49.9422173210131,48.0187209601604
AMGN.OQ,33424000000,9658000000.0,76.4601013973686,71.4695419797713,84.4242019210986,68.2179391875882
AMP.N,17926000000,5376000000.0,76.9458903046896,48.8440362141131,78.8859960306759,83.7381350299185
AMT.N,10127200000,4614800000.0,80.3973291278162,79.6848187858351,69.5980265853774,91.3679363583065
AMZN.OQ,637959000000,68518000000.0,82.7352148609724,89.7745566257949,78.8464129966872,80.609671681618
ANET.N,7003146000,2944616000.0,50.6699207740647,68.0830189722119,55.5794910210312,35.9474789953366
AON.N,15698000000,4409000000.0,55.9365666397362,37.9933364743624,64.998710809345,51.345141830317
AOS.N,3818100000,725300000.0,52.9278627188797,44.0258559648282,45.831856687848,72.9139231755386
APA.OQ,9737000000,3234000000.0,61.3984699042036,44.8120932572962,61.1908757981609,86.0953651421108
APD.N,12100600000,2939800000.0,78.4105445751712,86.9524715867678,76.1315912348598,67.1813666813228
APH.N,15222700000,3284300000.0,75.4245230395802,65.949794936714,72.792093675661,90.5934680508855
APO.N,,8360000000.0,53.6822035383042,69.060606060606,78.1641993181712,32.5170483742754
APTV.N,19713000000,2137000000.0,58.7146708894062,58.0826093005253,62.7057579708446,52.7925363693865
ARE.N,3233608000,953604000.0,74.4976978417148,64.8631182586055,79.4758388138874,81.0641194425803
ATO.N,4165187000,1355362000.0,39.9814238105242,19.2374103864312,31.162490788504,83.2368736854885
AVB.N,2913757000,939999000.0,64.0703823369806,65.0255337984205,63.6321106809479,63.3675273534648
AVGO.OQ,51574000000,15250000000.0,70.6008912417987,80.204688039942,74.8328119552898,52.0936659067667
AVY.N,8755700000,1115400000.0,67.1373392586668,76.7852427415202,70.2158294827295,47.1275565941855
AWK.N,4684000000,1718000000.0,77.0865766067736,63.6123680241327,85.4241683613501,89.9413011375795
AXON.OQ,2082526000,82895000.0,35.4091731278515,19.5489817200344,39.2610713290441,41.8185181541897
AXP.N,71644000000,12385000000.0,66.6818231749771,34.1557165761076,67.9242407521816,77.9804904859321
AZO.N,18490268000,3788708000.0,53.0456915861453,36.0950056371096,73.466018852033,38.8317820430102
BA.N,66517000000,-6190000000.0,79.460754794677,81.8542203410625,88.9585499133679,64.8307577886578
BAC.N,,83325000000.0,86.3433162613954,95.1169940324285,88.7519168106976,79.5153288406101
BALL.N,11795000000,1183000000.0,69.333935356075,81.7521356236549,76.498833640112,38.15217285339
BAX.N,10636000000,1060000000.0,81.924081703731,73.098036572213,83.4742038934874,84.0019085485937
BBY.N,41528000000,1734000000.0,80.9255520557897,77.7626927211641,77.4072272100066,86.4162315517506
BDX.N,20178000000,3318000000.0,83.8185626930546,77.3923301304049,94.2799208414868,73.0433496601888
BEN.N,8478000000,1340700000.0,43.8023080698981,49.5836320916216,58.6444241953235,29.5345683574662
BFb.N,3975000000,1226000000.0,55.6580107893835,52.6041787054373,52.4980566885974,65.1334137754535
BG.N,53108000000,1803000000.0,82.5747433697017,82.1873765842161,83.1861659744362,81.9444444444445
BIIB.OQ,9675900000,2651400000.0,82.6601925883476,89.0386499877507,81.1176070845427,80.2879654983605
BK.N,,8103000000.0,85.2408247234069,84.284697642351,76.7582239003105,92.6907479872273
BKNG.OQ,23739000000,7926000000.0,55.0280249421861,51.0903113258185,36.3598626547393,86.5742106280871
BKR.OQ,27829000000,3455000000.0,84.6632343919207,85.0801833776989,81.9113512616181,88.0905832493876
BLDR.N,16400492000,1595249000.0,43.8913158025213,33.5300798441824,40.7083999508056,62.3474907160501
BLK.N,20407000000,7862000000.0,73.1123096757233,87.9008006765196,77.6762165563693,64.8217965651611
BMY.N,48300000000,11545000000.0,70.6815066964478,79.8739201815986,81.8783532114454,47.2073384043688
BR.N,6889100000,1214300000.0,68.44257900316,63.0943446336392,74.5153923023886,64.4266371794771
BRKb.N,371433000000,60936000000.0,18.8435285242891,28.125,7.60507410678059,23.5244100506353
BRO.N,4805000000,1467000000.0,37.9054986838299,10.9103773584906,50.3298019408971,32.4088519923646
BSX.N,16747000000,3673000000.0,82.2567521943025,57.6158814589666,94.9769527449767,77.0075611457385
BX.N,13229968000,6910702000.0,31.964351108046,20.5969687596659,62.857079770561,9.28737271976948
BXP.N,3407719000,1021931000.0,74.3336887852785,88.4183157754117,70.3298967143372,61.6607398522847
C.N,,39386000000.0,86.786309362954,95.3336733466106,77.2721036354265,92.2563183377692
CAG.N,11612800000,1658900000.0,76.1455788806812,56.6300419696781,85.4098963937512,81.6059875574245
CAH.N,222578000000,2483000000.0,75.4638468741757,73.5285331453455,68.0900488642589,87.9028084123602
CARR.N,22486000000,2340000000.0,62.533983810635,47.2050999753479,82.5933689981377,54.6285616115871
CAT.N,64809000000,14717000000.0,67.5204738177926,66.3444965496156,63.1513428201054,74.660062736573
CB.N,,11310000000.0,45.1058267811963,38.427158164195,38.573349020956,54.9532737071437
CBOE.Z,4094500000,1181500000.0,66.4738988274632,32.37538823024,64.9035256609733,78.0295449027772
CBRE.N,35767000000,1710000000.0,79.0776835663698,85.310357569191,72.2910927456382,80.5180152664475
CCI.N,6568000000,2277000000.0,64.0741030545626,81.1620022468629,46.570478482225,60.5721792897959
CCL.N,25021000000,3574000000.0,82.2290579194794,80.3364137832222,81.6654978290349,84.7777777777778
CDNS.OQ,4641264000,1389128000.0,75.6582887155932,66.6182364409071,88.7596263117779,67.0885970235065
CDW.OQ,20998700000,1923400000.0,64.7897084910492,61.8928571428572,68.1861218007452,61.1468142122515
CEG.OQ,23568000000,4281000000.0,49.8886065329775,51.6353500726772,69.8872814201642,20.9208651621452
CF.N,5936000000,1711000000.0,65.9354913124842,43.2011705713314,79.1660523319794,83.681007338821
CFG.N,,2772000000.0,66.9114668099591,52.8971153127106,57.1999641396097,85.8974999768954
CHD.N,6107100000,1164200000.0,71.0263488501323,71.6062628802427,74.3656996723407,63.9532526657279
CHRW.OQ,17724956000,759336000.0,40.0180285692319,39.4006251817389,55.8943299427042,20.1197208487095
CHTR.OQ,55085000000,13245000000.0,37.2414500464196,36.8788048123855,43.9177439212065,24.1297997880788
CI.N,247121000000,9692000000.0,69.8135925124912,84.3173150266972,75.2251129718235,56.0679067041894
CINF.OQ,,2911000000.0,52.4467073851138,18.5691172935945,46.7925238505865,70.3357848725686
CL.N,20101000000,4331000000.0,88.3301176760819,90.024796383352,89.5410349854227,84.2808775339827
CLX.N,7104000000,1296000000.0,76.1549636699425,62.0194186614558,77.4221088435373,87.8266152853279
CMCSA.OQ,123731000000,23267000000.0,63.3603297803831,63.6149057563704,65.7792176598324,58.313940840564
CME.OQ,10209200000,8010600000.0,62.6591493281177,20.758180507061,68.1099484711293,70.6265429203359
CMG.N,11313853000,1943282000.0,61.0202511173589,46.0435838596442,76.3001200562336,51.5794482409901
CMI.N,34102000000,3698000000.0,62.2384031112197,56.4496386585015,64.6955197261643,66.1519244517586
CMS.N,7199000000,1487000000.0,56.1798368675416,55.604657687991,48.9020522869077,67.6466506229749
CNC.N,163071000000,3160000000.0,74.9750769557789,62.0427331237839,77.702714546866,78.1680837624718
CNP.N,,1990000000.0,45.992254208002,38.6045281878615,29.6337596039808,82.7373366433523
COF.N,,10392000000.0,71.4504633551959,62.4631542212817,72.0147928639118,74.2678663523086
COIN.OQ,6564028000,2235435000.0,34.6329177230348,4.36507936507936,39.8894284338675,36.3060598022653
COO.OQ,3895400000,705700000.0,55.8223450939009,43.7772544915402,49.8135260673,69.3549990933605
COP.N,54745000000,12506000000.0,63.6975593787156,61.8498453808989,79.0488253721138,39.0311155539536
COR.N,293958599000,3040132000.0,73.6656637349374,50.3532182103611,68.7131249313628,91.0656477377797
COST.OQ,254453000000,9285000000.0,71.9393937833193,81.4112633990396,53.8926008606109,82.1782728817972
CPAY.N,3974589000,1798847000.0,41.1151950457944,33.6941891766453,33.8114136209206,55.6425087526488
CPB.OQ,9636000000,1287000000.0,64.2177613998266,66.839879078983,73.7395567675723,44.8818855118156
CPRT.OQ,4236823000,1572023000.0,60.1318227156402,17.9627258132439,79.2637736217332,56.3078162838901
CPT.N,1543842000,312319000.0,78.1144153201061,73.1081313016729,71.8467450594836,89.8397259751961
CRL.N,4049989000,550832000.0,74.0191173994846,76.7916666666667,80.3614667407872,66.3921662659542
CRM.N,37895000000,7666000000.0,69.0375294109353,74.6083877645153,71.8104164009344,64.9785081079175
CRWD.OQ,3953624000,-117730000.0,25.499409201988,20.2140781873195,29.4812652173549,23.6561880487114
CSCO.OQ,56654000000,13716000000.0,82.5421762316702,70.7661698891863,89.187957856117,82.6433068860135
CSGP.OQ,2736200000,4700000.0,71.0180837193118,73.0643275026158,62.0384144016265,78.1367036078828
CSX.OQ,14540000000,5342000000.0,67.4452692857494,67.5804093567251,70.2161610765892,63.6809418724868
CTAS.OQ,10340181000,2344726000.0,63.4510185951328,65.2746901407174,74.5966831017481,47.9327660881043
CTRA.N,5458000000,1386000000.0,39.4641701616459,33.5422844682992,29.6380645715127,65.6728241476256
CTSH.OQ,19736000000,3026000000.0,72.1294564642459,77.6431986194245,75.5766745185965,67.506896048668
CTVA.N,16908000000,2093000000.0,67.8100930341194,58.405559584182,70.0795977514098,80.5792191358224
CVS.N,372809000000,10068000000.0,73.7757596088251,92.0015716210148,89.8824906718754,45.3347763270697
CVX.N,193414000000,25179000000.0,61.6579064798719,51.5123649892054,55.1117767870363,88.2119652850735
CZR.OQ,11245000000,2275000000.0,61.9603575784533,64.1832509492083,74.821772477886,40.6676311956247
D.N,13643000000,3846000000.0,75.4006139106974,72.3445971329026,69.8828301659307,87.7689613011452
DAL.N,61643000000,5995000000.0,57.5822471711325,52.7369281045752,63.5222371967656,54.1671128288301
DASH.OQ,10722000000,232000000.0,48.9535950325399,25.3106662311465,53.1696702907594,52.4159644228244
DAY.N,1760000000,136800000.0,72.5657971700944,44.8060646174299,74.6284405560812,79.1175517979607
DD.N,12386000000,1876000000.0,71.0060197733156,66.0537973737706,77.7267043443757,70.163167274076
DDOG.OQ,2684275000,54284000.0,32.8740339213063,20.6315948822567,48.9315798083865,22.7194344524798
DE.N,51640000000,12793000000.0,70.8834787604259,84.3549985230282,72.0166527338593,53.2319380579129
DECK.N,4985612000,1183382000.0,63.1880409611319,66.5670949885651,66.370244688753,55.1608965143249
DELL.N,95567000000,7067000000.0,73.2938853852304,80.7812946743179,67.4747676320231,77.4318043042107
DG.N,40612308000,1940774000.0,63.953163760651,43.5328627745005,76.4469486866979,68.8793333575782
DGX.N,9872000000,1408000000.0,64.9118797039033,62.8070175438597,79.2143843404808,48.8013052200319
DHI.N,36801400000,6345200000.0,46.9484042500459,26.5451171968266,46.4584642503349,74.240250085445
DHR.N,23875000000,5209000000.0,81.0398826845839,68.9778475492761,85.2700697107257,81.0990861633075
DIS.N,91361000000,11914000000.0,67.6245132180635,51.7633807893314,84.6512750899143,50.4929875630371
DLR.N,5554968000,565766000.0,70.1825412442867,67.3098316251486,55.2130526247768,87.5887223371546
DLTR.OQ,17578500000,1592200000.0,70.0169032880713,54.5654810614917,75.8159635857129,77.4802075801846
DOC.N,2700449000,461361000.0,85.1355444364599,89.2789196030962,82.758897657546,82.5330139955869
DOV.N,7745909000,1291338000.0,63.0979634488203,71.4677058654785,47.7416866385553,73.1880577000669
DOW.N,42964000000,2166000000.0,86.4751278400303,85.0191319788523,88.3182858688348,85.9242583126373
DPZ.OQ,4706416000,880684000.0,53.6570115063193,52.9755713159968,57.2476312220854,48.8843781039604
DRI.N,12076700000,1456100000.0,51.2989067049431,44.1391572732152,64.0626969067197,38.5969958908333
DTE.N,,2119000000.0,72.3518846008896,86.6432065874434,46.4656308383898,81.7087671149979
DUK.N,30357000000,7940000000.0,67.9610821827045,73.2039210412295,71.8816664700644,53.9514965496441
DVA.N,12815550000,1954828000.0,77.5774408112181,83.1426392067125,64.9330475810739,89.9681134896439
DVN.N,15940000000,4182000000.0,55.0973023354766,47.6179302247568,64.9897117953709,48.4255845610547
DXCM.OQ,4033000000,658600000.0,56.5168960888484,43.8783826845769,64.3702125213668,52.0746690413592
EA.OQ,7463000000,1577000000.0,65.0308760597957,47.4802483029422,71.3863608400231,64.8232858261004
EBAY.OQ,10283000000,2326000000.0,69.337784660609,42.6507176530815,66.2434743454883,80.0084497564434
ECL.N,15741400000,2618800000.0,81.2538757986336,74.1310121101812,90.8308060993377,77.6100253053731
ED.N,15253000000,2732000000.0,55.1563720466913,50.9751266568293,53.1189853745561,64.9130918832323
EFX.N,5681100000,1090100000.0,43.2423302480401,32.7133306737267,25.6391407562145,73.1055943007258
EG.N,,1644000000.0,56.1400863645563,55.0798732123543,35.7446036764807,80.2882205513785
EIX.N,17596000000,3778000000.0,73.4234786384239,63.4273045540105,73.3679926394071,90.4891063806484
EL.N,14323000000,1146000000.0,70.6601110825735,93.9115787711882,78.9621661005021,31.2657586368753
ELV.N,,9156000000.0001,82.4309070957721,85.4157131960336,83.7627923976608,79.3402416833748
EMN.N,9382000000,1340000000.0,75.4088098363003,72.799255255183,78.2041452500838,75.2824823673632
EMR.N,17492000000,2475000000.0,75.4890752392633,86.9470110177339,66.561524978224,73.4445626473501
ENPH.OQ,1330383000,90446000.0,51.6005893986411,76.2660912146228,50.512364498645,24.5169339271921
EOG.N,23682000000,8457000000.0,56.5997517392618,39.8043777255954,54.2435101092733,85.4349311994523
EPAM.N,4727940000,574056000.0,58.9044241662715,28.2559578477154,75.8243011612575,53.5290699828226
EQIX.OQ,8748000000,1604000000.0,62.9772190496108,62.8027049465636,70.9049272421028,55.7375817002152
EQR.N,2980108000,861987000.0,64.9323768959346,81.72375262988,79.1717915340346,31.9732103516711
EQT.N,5222192000,344310000.0,41.8123980661136,33.5404598880859,45.7488687832344,46.9245346150224
ERIE.OQ,3795115000,676455000.0,38.4500147288811,1.35338345864662,30.0494456480184,60.616222413299
ES.N,11900809000,2705709000.0,80.1891002451471,90.1395707873483,84.1395938999249,58.1376585721941
ESS.N,1774450000,483790000.0,69.9412963885979,64.704284318332,60.377069722623,85.0308899514068
ETN.N,24878000000,4934000000.0,65.9342030583475,85.1647024804898,78.3571828073915,26.5696969696969
ETR.N,11805802000,2758224000.0,45.0951713770412,37.0558548876805,51.4428863712537,50.5099799164781
EVRG.OQ,,1468000000.0,69.0784808840135,64.5056486345262,59.2592070074562,89.6173517476664
EW.N,5439500000,1480100000.0,62.6834499199935,63.3008148314271,69.4238669278055,53.5204639010389
EXC.OQ,23028000000,4320000000.0,57.5648165730504,45.1824178111201,62.3496142289775,72.3946575156264
EXE.OQ,4196000000,-791000000.0,59.4291381329288,47.8336296544783,72.8223264279862,52.5513647751374
EXPD.N,10600515000,1041323000.0,61.4827527259617,41.869127336419,62.6920457326776,83.4470222846824
EXPE.OQ,13691000000,1664000000.0,43.8690960457195,75.1778046162103,37.9962591488208,24.5005136776258
EXR.N,3256902000,1401029000.0,58.5079036565027,70.1237289404171,82.1919341127284,22.7194344524798
F.N,184992000000,7101000000.0,76.2732245215666,91.3942597804941,87.4442829759562,36.0509143507485
FANG.OQ,11066000000,4699000000.0,62.0936312185153,53.5939916405433,54.1927177484444,88.6497316211678
FAST.OQ,7546000000,1510000000.0,48.1238623720369,40.7572051871678,28.6962007186926,82.435674050487
FCX.N,25455000000,6909000000.0,77.0007767970118,83.3665148507767,79.0576569606876,64.5055542072575
FDS.N,2203056000,712456000.0,68.057229248332,57.0635694173706,63.0277466308862,82.1793522522971
FDX.N,87926000000,6082000000.0,70.668741772169,71.5436092533359,64.0519483065081,78.2207323001277
FE.N,13124000000,2375000000.0,61.428941088491,69.1632111960898,67.8436484334404,39.9415623571389
FFIV.OQ,2816120000,667246000.0,69.8766806665989,28.9518126143528,69.3824840335372,82.5796992940758
FI.N,20456000000,5879000000.0,57.5867011690041,43.4812448621236,51.0172597922544,75.8548067874451
FICO.N,1717526000,733629000.0,41.797669497113,20.5164112761503,52.0002571944513,39.3964853351381
FIS.N,10127000000,2385000000.0,64.3400553947121,61.5079365079364,89.0653022499322,44.3021067927171
FITB.OQ,,3994000000.0,72.6005905067636,60.976299848729,78.7740414865043,68.7446631978904
FOX.OQ,16300000000,3229000000.0,47.5883588535181,45.1359541359541,67.9753116944963,21.5630058520847
FOXA.OQ,16300000000,3229000000.0,47.5883588535181,45.1359541359541,67.9753116944963,21.5630058520847
FRT.N,1202452000,418316000.0,80.4814880547223,86.8226583148845,66.0629423476581,86.6208684428324
FSLR.OQ,4206289000,1393735000.0,67.7376723178826,57.6318905464037,76.7295670115792,71.9973759039347
FTNT.OQ,5955800000,1835900000.0,60.7502000320248,66.6569732742363,68.9148853792631,51.9474667881284
FTV.N,6231800000,1196400000.0,55.2476243630182,46.2953337283046,52.7095099354649,69.3181231519113
GD.N,47716000000,4796000000.0,64.4100906135456,49.5529689608637,68.6346552288175,69.5786811248106
GDDY.N,4573200000,932300000.0,58.8165667046266,37.0042377252097,62.6010095497228,62.1014396151742
GE.N,38702000000,5802000000.0,77.881954440376,81.329744816587,89.6470745035318,59.4053009677657
GEHC.OQ,19672000000,2999000000.0,76.1552367178077,54.2482718894009,74.7382129846159,88.2442348864334
GEN.OQ,3935000000,1620000000.0,76.3047829456344,75.9862994959526,71.603208854172,80.4489056704093
GEV.N,34935000000,892000000.0,32.3955812404224,29.3997613321584,42.1897149031128,24.7561013229737
GILD.OQ,28754000000,10828000000.0,84.6428483316756,82.5954035175398,83.2404622935237,88.2400958857244
GIS.N,19486600000,3359900000.0,75.8568177639846,79.8766390864721,88.1062204288721,50.2707685938034
GL.N,,1885305000.0,61.8050883371772,36.2039653273311,57.2385891808749,75.6663783561451
GLW.N,13118000000,1636000000.0,61.3697493076993,48.5905270049792,68.4036189519261,70.3627128533232
GM.N,187442000000,15399000000.0,71.6541231514085,70.5618678528797,84.3371247290757,51.5517167674387
GNRC.N,4295834000,562279000.0,39.2573650794724,17.6998146118421,39.9833656550793,64.1745582192777
GOOG.OQ,350018000000,114227000000.0,80.9505035517668,76.3363040305707,84.4278989558309,79.3403395879593
GOOGL.OQ,350018000000,114227000000.0,80.9505035517668,76.3363040305707,84.4278989558309,79.3403395879593
GPC.N,23486569000,1483349000.0,46.1821993783114,25.5733915005241,48.7500139598116,70.6549799820995
GPN.N,10105894000,2340771000.0,42.3201769024022,44.8362418391658,53.0662735858961,26.8278079066476
GRMN.N,6296903000,1593994000.0,59.5122029874051,49.1020884351036,67.7059221086424,57.3085901027078
GS.N,126853000000,18862000000.0,83.9747419524274,91.8529132846597,70.6586726967201,92.8559712575772
GWW.N,17168000000,2653000000.0,76.6125522443962,80.6528097541754,77.2293466879201,70.9555571844853
HAL.N,22944000000,3938000000.0,82.6482455887857,84.8993929720187,93.3833700137769,64.7541744594707
HAS.OQ,4135500000,774000000.0,83.2875435603142,45.6153370439085,92.5081369967297,84.3455316959551
HBAN.OQ,,3435000000.0,72.8946901598916,51.1432705923564,77.6779256208032,75.0050224629831
HCA.N,70603000000,10547000000.0,65.6937728418905,63.6460717009916,70.238662206864,61.2637561743716
HD.N,159514000000,21526000000.0,70.1281780113177,87.602426124899,69.6760254825009,61.8934456532124
HIG.N,,6248000000.0,78.7482085325338,58.0488472939951,78.5489125227556,85.8805076234544
HII.N,11535000000,486000000.0,36.3818553621685,24.233989694516,44.7163922309864,33.9923624296052
HLT.N,11174000000,2506000000.0,77.938212750332,85.3357967688784,71.1035687181975,81.532353181842
HOLX.OQ,4030300000,968500000.0,77.7451587398108,60.8899603797563,77.5503579784875,85.8674056435788
HON.OQ,38498000000,8300000000.0,70.4173964212084,71.565920355446,83.0578854230297,48.1569875535843
HPE.N,30127000000,2485000000.0,72.3152491912281,58.2019305019305,68.3161395532276,91.2080936200773
HPQ.N,53559000000,4202000000.0,77.9260537612335,62.1247104247104,81.7019405042032,84.3601751833738
HRL.N,11920797000,1016844000.0,67.6204786645648,58.9744989889377,91.0437590912674,36.6608329038403
HSIC.OQ,12673000000,749000000.0,64.0979888868746,53.562420335327,69.8437924998025,61.4492794539085
HST.OQ,5684000000,701000000.0,79.5517811520749,88.7258515472052,71.8863245464695,76.0457110596859
HSY.N,11202263000,3015768000.0,83.6684055138756,89.4771002012848,95.9448307152788,56.0679067041894
HUBB.N,5628500000,1118200000.0,75.736963012264,77.3968817331667,74.6330713451239,75.1923851774313
HUM.N,,3043000000.0,63.9894249921551,67.8173177668014,61.8880061603185,64.5971812030356
HWM.N,7430000000,1654000000.0,70.9900108963905,58.3417678812416,74.9620151939224,74.88111661529
IBM.N,62753000000,8320000000.0,72.0315411257831,78.5012496287614,93.9496792429674,51.2166763073142
ICE.N,11761000000,4413000000.0,55.9742012978959,50.8079895233337,54.3388032556757,58.9050676214727
IDXX.OQ,3897504000,1133087000.0,72.2237077259735,66.6660334346505,83.3129976561877,60.2163906538089
IEX.N,3268800000,696900000.0,57.7732793863499,54.3277816777902,45.81637664651,77.5847046733008
IFF.N,11484000000,1182000000.0,83.7807381221931,75.7356715096297,87.2265007100838,86.6767993691569
INCY.OQ,4241217000,111644000.0,63.2741986503936,56.9607260209669,59.6878975869043,73.2636062790768
INTC.OQ,53101000000,-4708000000.0,88.2025546667571,88.9287811629907,87.7340248565027,88.1041570581968
INTU.OQ,16285000000,3853000000.0,81.0900742121464,79.5414462081128,80.0207717174496,82.2908852252005
INVH.N,2618942000,819159000.0,65.3685333441231,46.8795904868171,71.7656394960092,80.9327947905984
IP.N,18619000000,839000000.0,60.7974765641995,77.014318910997,62.1396433737565,33.6574245384721
IPG.N,10691700000,1430300000.0,84.4934299000654,80.4823691956509,88.9698483537039,79.9364991709127
IQV.N,15405000000,2269000000.0,57.5288230912765,34.5833333333333,80.8771530994532,51.5528933668997
IR.N,7235000000,1468600000.0,55.0370361045391,43.7784492155855,79.6669225463351,36.2548225920399
IRM.N,6149909000,1212916000.0,74.6311870569035,80.2674739520045,73.8556394121074,68.7836720791224
ISRG.OQ,8352100000,2356700000.0,58.0385177278041,43.1866885948519,68.2811302712373,51.4832648076615
IT.N,6267411000,1168160000.0,68.2804099578241,49.6858844175387,69.1319990967311,73.1254547502952
ITW.N,15898000000,4264000000.0,62.6410386115984,51.1714761961797,65.5509218612818,74.7264201977833
IVZ.N,6067000000,979700000.0,69.3187515569255,60.5294102631271,55.5037516283964,83.6215538847118
J.N,11500941000,871526000.0,72.5331040654906,77.2580167784367,85.1946337755492,53.0470438702425
JBHT.OQ,12087204000,831225000.0,65.0330251869766,60.5937555327921,65.4402377116388,69.8307724899373
JBL.N,28883000000,1453000000.0,71.1798007081403,80.2085361428723,70.3962720290824,60.2912673786351
JCI.N,22952000000,2416000000.0,73.5641870989284,89.8941539749818,90.93264242582,31.1962520857399
JKHY.OQ,2375288000,568715000.0,50.2600249072797,35.2607137775363,58.7561174627306,47.4437385456756
JNJ.N,88821000000,23904000000.0,85.2810301854781,92.1353816117347,97.0915777175028,62.6042986611421
JPM.N,,110965000000.0,79.9070685401992,90.5912932430693,73.7725779220788,84.0853435106837
K.N,12749000000,1924000000.0,79.6483939703242,78.5108576997439,94.0383745073236,56.03699527348
KDP.OQ,15351000000,3400000000.0,65.1258902321614,65.4548440160568,56.8612248604956,79.9289470138279
KEY.N,,1070000000.0,74.1626259874555,57.0045178858972,77.4952396431864,76.4342681912943
KEYS.N,4979000000,994000000.0,70.1619322671721,84.9318284123268,84.7738966236076,35.1314392256659
KHC.OQ,25846000000,5379000000.0,73.2733956608797,62.7055342739839,69.4125600718293,91.5687091208797
KIM.N,2037014000,657536000.0,78.4984856924698,65.9454273203948,78.9458724652522,92.7236739898895
KKR.N,22995926000,892838000.0,41.112961211608,41.5577595736101,70.2120339621377,16.4069713803377
KLAC.OQ,12156162000,5021927000.0,61.6041352442114,54.6584218352621,56.8528115822808,77.7786753771363
KMB.OQ,20058000000,3763000000.0,76.2192168465919,69.2389202111047,75.7078231292516,84.1938901546855
KMI.N,15100000000,4384000000.0,84.369051048228,89.8204309656824,88.6539034258955,71.9150955407374
KMX.N,26353420000,207852000.0,59.5766282719914,47.9884527347131,46.8336827769116,79.529544368497
KO.N,47061000000,11046000000.0,79.1636682608178,71.2460522082232,86.458520717737,75.2503843948189
KR.N,147123000000,4439000000.0,77.5907143522715,63.0872116763517,84.0689904966967,78.8642650849516
KVUE.N,15455000000,2937000000.0,67.5687270823758,50.2768579101498,71.0534256559766,78.0847934726001
L.N,,4097000000.0,38.3218472312404,44.1299373072147,29.1168097017479,47.1250276569901
LDOS.N,16662000000,1815000000.0,76.2423685920124,72.9194769091294,90.6237110667534,64.8553022991837
LEN.N,35441452000,5175621000.0,36.6887244940883,55.1393090923006,26.8040976075586,28.1888799719756
LH.N,13008900000,1138000000.0,65.2386470568843,79.816933638444,64.7610978203084,58.5225628499957
LHX.N,21325000000,2344000000.0,65.3753857340514,61.3398662740769,65.3783092823476,68.3308036392316
LII.N,5341300000,1040800000.0,50.6871012821849,33.5401832990136,74.3404461263596,40.2512396218503
LIN.OQ,33005000000,9681000000.0,80.005977342625,84.6102381574255,90.5278074387938,54.0431266846361
LKQ.OQ,14355000000,1349000000.0,47.3405908611344,37.862416098794,37.4752549117498,77.435914064306
LLY.N,45042700000,17040000000.0,64.3956705568933,79.6590868221869,80.9884505534836,28.405510745218
LMT.N,71043000000,7044000000.0,78.5579732055116,86.1497055576004,83.7792155864926,65.913018697539
LNT.OQ,3837000000,946000000.0,69.3458065997049,82.3087563876002,55.3859820363878,65.4565638925951
LOW.N,83674000000,10289000000.0,76.0245960446176,63.0580888879295,85.2946705374263,72.2077668531742
LRCX.OQ,18435591000,5900968000.0,78.4707309064347,71.258976740538,81.4862186086964,82.1492811967789
LULU.OQ,10588126000,2509197000.0,56.27732875898,62.6914065366291,40.0697131367675,82.1991684008956
LUV.N,27483000000,333000000.0,76.451458716689,76.8010992275698,81.2890835579516,68.9447953606393
LVS.N,11298000000,2452000000.0,70.9979183109071,88.274959742351,62.788090720159,67.7633224087297
LW.N,6451300000,824800000.0,63.8702605909776,60.2912436849197,65.3162411383744,65.3088461307496
LYB.N,40302000000,2766000000.0,74.6981630240616,67.3227408304072,82.8321221174447,73.9455337690632
LYV.N,23155625000,1396908000.0,43.2019126535469,20.6697903526161,43.5185636150223,50.2956963212479
MA.N,28167000000,16517000000.0,77.5788653435089,77.5735249538733,72.2621833571065,82.158721393135
MAA.N,2191015000,656751000.0,60.1072167540389,49.1311386244532,55.7164923051359,77.0350436378035
MAR.OQ,25100000000,3844000000.0,77.8187092359142,69.5759008524965,86.885440848978,71.6371393613946
MAS.N,7828000000,1372000000.0,69.4490409169457,64.3157115913526,68.0364083767257,78.3354933532282
MCD.N,25920000000,11852000000.0,66.3223010977618,70.9588079375313,73.5237667798803,51.3472464187917
MCHP.OQ,4401600000,375500000.0,55.2729839591126,64.2874359947531,55.1115890541738,44.721943109493
MCK.N,359051000000,5039000000.0,67.5791994704092,54.1541987270827,61.1527332866873,87.0281967011885
MCO.N,7088000000,2977000000.0,70.8849280484745,75.2901341087996,70.4730995846614,68.3275090655636
MDLZ.OQ,36441000000,6620000000.0,78.0205501858076,83.4938032084393,90.6311425811472,50.2116705556309
MDT.N,33537000000,6751000000.0,72.8129231207363,76.6863521965563,87.1247113671347,52.1614683609293
MET.N,,5909000000.0,61.3012727934161,78.6978077554781,72.1748860509999,42.8165456722143
META.OQ,164501000000,69769000000.0,60.4758344328028,73.4318815913525,58.1561212378615,58.5865510919927
MGM.N,17240545000,1662425000.0,69.2267321448081,91.1415643508985,57.4152844648478,67.2205546792673
MHK.N,10836900000,806900000.0,63.6311188846138,53.8296703296703,69.3766598831718,68.0494857878202
MKC.N,6723700000,1069800000.0,78.448374100259,92.7014917063821,76.711694867523,65.7705405189728
MKTX.OQ,816773000,340546000.0,63.0310441419439,24.8789379999571,75.7196483402952,63.7618546614878
MLM.N,6536000000,1476000000.0,41.5533348474433,17.747641509434,37.6829884403128,89.1360543369964
MMC.N,24458000000,6175000000.0,55.7730499516938,31.4858203600287,52.9930798616565,67.1120915872923
MMM.N,24575000000,6781000000.0,84.9271337391349,86.9904692082111,87.8308089576393,77.1743703899245
MNST.OQ,7492709000,2069094000.0,37.8422761171434,19.2081956097974,41.2132941198469,54.0042451765429
MO.N,24018000000,9210000000.0,87.9544793399886,92.46168285414,92.411300179132,75.2961594690128
MOH.N,40650000000,1708000000.0,58.7935268956657,37.4218154080854,56.9785021265285,71.6574123624203
MOS.N,11122800000,739500000.0,72.7747894271863,60.4478293523703,77.685195434376,86.2320087138456
MPC.N,140384000000,6456000000.0,80.541168190052,69.550885300389,87.1308885393828,84.9085818052516
MPWR.OQ,2207100000,539758000.0,61.6249269457295,68.2011446035837,55.9439540502599,63.1070710338293
MRK.N,64168000000,26775000000.0,77.479754527062,83.131121890158,91.3676714500998,52.5806981702519
MRNA.OQ,3236000000,-3450000000.0,59.7194708675965,54.8095759662024,51.1879129216786,76.069999836685
MS.N,107285000000,17702000000.0,67.5035993133339,64.5166205991939,72.5393414975236,64.1472884164824
MSCI.N,2856128000,1535469000.0,58.8592518302391,60.2215985724278,59.6921539230385,56.8413453254633
MSFT.OQ,281724000000,128528000000.0,87.436605705782,77.9453884450636,85.3548525177102,92.076591684837
MSI.N,10817000000,2700000000.0,76.9322609649858,68.5389098168004,75.1484449486477,83.4524891206696
MTB.N,,4189000000.0,82.21035005308,81.0402172939296,80.8454877311637,84.5588801336026
MTCH.OQ,3479373000,853912000.0,46.265873088284,30.6013758996928,66.387351667306,33.6383934684813
MTD.N,3872361000,1131925000.0,72.9214529054568,49.7282608695652,81.2553421847399,82.5209588863771
MU.OQ,25111000000,1046000000.0,71.3809515354655,57.5879315244284,79.1469465483088,75.1186837775184
NCLH.N,9479651000,1465906000.0,78.2309232620799,93.0354267310788,73.5380440348182,71.9461889808735
NDAQ.OQ,7400000000,2015000000.0,75.3902469561852,45.0379802889735,81.5968690373033,79.2547794211822
NDSN.OQ,2689921000,674001000.0,66.9336125539818,58.4893705049489,79.9558477583724,59.9931057448427
NEE.N,24753000000,7132000000.0,72.4502231189191,72.1897247064016,70.1747050892599,75.8512438587556
NEM.N,18682000000,5866000000.0,87.034149659169,79.1061083078161,86.7997651587187,98.781805749624
NFLX.OQ,39000966000,10417614000.0,37.3021718464203,36.4733520912605,54.7775800081268,22.5025496337208
NI.N,5282900000,1464500000.0,57.0617950060494,55.435228351895,57.309467333574,59.6346179807424
NKE.N,46309000000,3702000000.0,69.8059533309362,85.0592635486138,83.5077194129613,34.7972562746605
NOC.N,41033000000,4370000000.0,76.3522305061223,56.3144092749356,82.5826275550385,82.6009834093508
NOW.N,10984000000,1414000000.0,70.8603751967711,74.070501145441,77.312018571328,64.3417556174127
NRG.N,28130000000,2282000000.0,63.2183117450977,65.0278131404842,66.882101111247,55.3792331969463
NSC.N,12123000000,4579000000.0,69.298511017535,70.0868711834836,64.661283317112,74.3808748289466
NTAP.OQ,6572000000,1425000000.0,60.9509501765722,43.5227222390013,58.5551187404943,79.7470395188868
NTRS.OQ,15115900000,2836600000.0,71.6119706210887,75.7841053708841,82.4536621829581,61.2051239883492
NUE.N,30734000000,2979000000.0,54.2209403070392,60.0277220294852,58.7872877591506,38.4141504027951
NVDA.OQ,130497000000,82055000000.0,77.3674765535533,67.4964210330065,75.5796582272063,92.1626434166823
NVR.N,10692941000,2136089000.0,34.6904652350849,23.7677228596032,16.5101608224153,77.3725072363937
NWS.OQ,8452000000,959000000.0,67.6149716718332,71.4633267255361,57.3684638840368,79.8234219078641
NWSA.OQ,8452000000,959000000.0,67.6149716718332,71.4633267255361,57.3684638840368,79.8234219078641
NXPI.OQ,12614000000,3763000000.0,85.9257572967698,91.9646253792596,82.2501502385365,84.7438672438672
O.N,5271142000,2324207000.0,75.3565732622817,86.4498004897766,53.2492528685394,83.1707923109959
ODFL.OQ,5814810000,1543998000.0,31.2480663395298,30.3724031533715,33.9117086341511,28.836127179912
OKE.N,,5062000000.0,73.2535606748245,75.9071319741711,66.8488101219216,79.2667060563818
OMC.N,15689100000,2347000000.0,65.1703920683236,49.1869405898961,69.3352904435212,65.0144263671225
ON.OQ,7082300000,1901600000.0,64.7128720933663,54.1972652045775,72.1418092642871,65.0738540278938
ORCL.N,57399000000,18052000000.0,46.620166772409,52.7309712015238,74.7549427698699,20.5597572236387
ORLY.OQ,16708479000,3251657000.0,44.7134702758953,21.3612504846728,28.679283837301,74.205342881056
OTIS.N,14261000000,2292000000.0,70.1988427827087,46.467284542765,74.4085362733655,93.157336760669
OXY.N,26725000000,5593000000.0,77.6236845848079,62.221197276236,82.1205858658377,92.1945253528775
PANW.OQ,9221500000,1101500000.0,53.8966483575166,48.9656679070315,69.484953843165,41.952679435576
PAYC.N,1883200000,634300000.0,50.6726630529105,40.3109330277731,72.7441964532813,34.7751394101324
PAYX.OQ,5571700000,2329300000.0,58.5081894260767,55.4166999117494,64.4242229675985,53.1128558941615
PCAR.OQ,33663800000,5603200000.0,63.3051854775341,77.5312101016496,47.4272453470452,67.0516996552366
PCG.N,24419000000,4936000000.0,77.3143432653605,77.7307396309513,90.0289342339678,60.0775011846665
PEG.N,10290000000,2359000000.0,70.2185844631564,59.5490157990158,74.3906306399217,83.4438752052462
PEP.OQ,91854000000,14724000000.0,80.3274412338138,56.3227141745448,89.4854164830204,92.2926147744517
PFE.N,63627000000,16729000000.0,77.1008189671763,85.24944826797,91.0839123630503,50.2282012383157
PFG.OQ,,1475100000.0,67.6612555042648,78.897487858982,75.710065467176,54.5255664292958
PG.N,84284000000,20772000000.0,50.8938072233129,30.1210788278729,52.5588349625564,68.4289816813348
PGR.N,,16375000000.0,57.7094592272406,6.73427672955975,56.5803665530599,76.0184615130116
PH.N,19850000000,3870000000.0,59.104888293273,66.2751255082189,54.1145734303549,57.0434609000529
PHM.N,17946950000,3933147000.0,58.9680016916648,42.5251327494917,64.6817815672023,71.3921428448144
PKG.N,8383300000,1153400000.0,71.544066510175,77.7390033053649,67.9292203267914,68.1703194571731
PLD.N,8201610000,3098041000.0,72.6389331598179,69.1823254997271,68.5073919786565,80.5507002055701
PLTR.OQ,2865507000,310403000.0,23.1919861496083,9.39078282828282,25.1588843125311,25.6386292834891
PM.N,37878000000,13808000000.0,86.1269635469469,90.1841755783167,88.2690403705588,77.9629975783103
PNC.N,,12055000000.0,72.6427478143679,65.9416178766557,72.661003502313,75.298047508284
PNR.N,4082800000,924400000.0,65.5001826418286,71.7945521626531,63.3890051526522,60.7149274804261
PNW.N,5124915000,1012063000.0,67.6758816937396,90.5603329016784,62.7856361101666,35.1296338988884
PODD.OQ,2071600000,308900000.0,67.4834829277599,50.7861752759712,74.8597956151283,65.5634147935596
POOL.OQ,5310953000,617204000.0,58.5868870044454,46.7223252937539,39.1414011947209,89.8368150018182
PPG.N,15845000000,2689000000.0,74.0576171346946,81.9575657686601,76.8573843965116,55.3569911321656
PPL.N,,2102000000.0,58.9846464483662,35.4069541569542,67.9424276800908,88.5850061407697
PRU.N,,4701000000.0,71.6586739077206,84.1323408644794,69.9257449458657,69.5225353776317
PSA.N,4695616000,2201172000.0,73.0910159607745,73.8118101634588,67.7090630128385,77.3031452143163
PSKY.OQ,29213000000,2726000000.0,70.1441448588965,59.549768727098,76.8818246036826,64.8043252388608
PSX.N,143153000000,2003000000.0,64.5806149117169,79.5758433681515,60.5978775165509,49.6901615303263
PTC.OQ,2298472000,590360000.0,72.0625120779484,67.8889331966643,80.7154171170644,65.8634730697615
PWR.N,23672795000,1325978000.0,75.2867988593367,82.3147030646975,57.5938957784698,89.8246216610264
PYPL.OQ,31797000000,5763000000.0,79.6145635794059,67.8371595401298,79.8495902173868,87.5584345917015
QCOM.OQ,38962000000,10253000000.0,79.6012317001641,68.140885961503,85.1971422399388,84.1203941959293
RCL.N,16484000000,4131000000.0,68.9889923745118,81.8684719535783,73.9206328767464,50.0
REG.OQ,1453904000,521524000.0,78.3904359305365,81.964760644709,90.8827696218307,62.4914771316202
REGN.OQ,14202000000,4218000000.0,68.5443325394733,63.4342517736347,88.2139340367494,42.8965984190478
RF.N,,2692000000.0,74.3500914179002,69.14774417565,70.9531066609612,81.1113204243607
RJF.N,14923000000,2706000000.0,56.8655429340391,74.8602099309203,57.8475751855002,50.6378711559632
RL.N,7079000000,989900000.0,78.1022575997868,76.6419721000978,85.6512135249733,65.0615366213279
RMD.N,5146327000,1697624000.0,70.3262782922173,75.5126959208592,77.6519649306279,58.2604626582773
ROK.N,8264200000,1238000000.0,53.3721282948207,71.8831234844568,51.0442702242025,34.2110146487346
ROL.N,3388708000,657590000.0,25.0904665628789,5.36178408985426,36.7270146439385,24.0316217459755
ROP.OQ,7039200000,1996800000.0,58.3614904842405,48.5418122137642,46.2631820587943,71.7253817761842
ROST.OQ,21129219000,2585586000.0,57.2617109380137,48.7661388206735,64.4184631650628,53.5575500777404
RSG.N,16032000000,3187000000.0,79.9108341533745,91.5398633702248,73.2360038468161,80.2994635377374
RTX.N,80738000000,9714000000.0,70.7498098486507,75.8288860262545,74.4795172839954,61.9693283504964
RVTY.N,2755026000,421071000.0,74.2986914847303,72.2599642121777,79.9249897018885,67.8421382259968
SBAC.OQ,2679634000,1569634000.0,68.6361936874161,75.8754795105008,53.3459193399203,74.5462289200774
SBUX.OQ,36176200000,5224900000.0,74.9897511665551,83.4234035620445,66.9902132397766,79.3987709007825
SCHW.N,25999000000,7915000000.0,54.122148019113,17.4699772267484,66.5807453201392,54.5972059804003
SHW.N,23098500000,3761900000.0,65.4779240472243,77.8461138239558,54.4916525007469,62.2430822287523
SJM.N,8726100000,1663600000.0,63.604809626732,60.5217081647167,69.1506724019581,57.4142027733077
SLB.N,36289000000,6531000000.0,73.8454645033923,81.1816918071576,84.5938077722198,50.0
SMCI.OQ,21972042000,1283245000.0,39.1963757345557,36.8480051480052,38.0925317841206,43.1218729349571
SNA.N,5108400000,1368200000.0,50.4521712474775,31.9370836459527,54.5708494996225,67.2702315498283
SNPS.OQ,6127436000,1528311000.0,62.4375081269405,71.9890102424038,64.4231760421642,57.8621767875255
SO.N,25573000000,7047000000.0,66.7827904144231,60.2994778354941,71.8730549559498,71.1870778946176
SOLV.N,8254000000,1098000000.0,,,,
SPG.N,5963798000,3092796000.0,64.2886343986791,64.2181521763077,61.6369691281022,66.8604827177097
SPGI.N,14208000000,5777000000.0,84.2812194749901,78.4662843609732,84.9582099706449,87.4866306436876
SRE.N,11437000000,2962000000.0,75.8062078917437,72.770979020979,84.7500386737484,68.4501290715805
STE.N,5459515000,993727000.0,52.8258543046663,48.3005656475044,71.8223863681831,29.9255551277115
STLD.OQ,17540390000,1943037000.0,66.8268510505288,70.5407258841799,50.4713214888004,88.3085261262393
STT.N,,12562000000.0,82.0329548192873,81.2566661587142,74.171328441628,88.9045481363715
STX.OQ,9097000000,1928000000.0,55.7079492626424,56.2518661518661,55.9561159782507,54.8121212121212
STZ.N,10208700000,3501400000.0,41.3952296722939,26.9681945311236,58.7672059856662,26.7625376209971
SW.N,21109000000,1505000000.0,74.8246865473692,73.6610094075769,81.9942254922874,64.4606060606061
SWK.N,15365700000,883400000.0,74.0903837672838,84.5848642792828,68.3482975277084,69.0255202225506
SWKS.OQ,4178000000,787400000.0,55.5586432423401,42.3886358642457,62.9383252431044,59.1861767947923
SYF.N,,5381000000.0,55.226054522805,25.9068929081982,73.4238906012964,41.8811450160595
SYK.N,22595000000,5046000000.0,76.0070572235599,54.1451745533378,83.5620969256094,76.2618001952984
SYY.N,81370000000,3523000000.0,63.3398238243176,44.9339587446147,61.8180231315494,80.4909425482157
T.N,122336000000,24194000000.0,78.2222868860484,80.4828951803168,86.8966379079817,59.0922609775651
TAP.N,11627000000,1815900000.0,62.5253328265249,38.4301635731842,64.7487986195143,87.3508293889813
TDG.N,7940000000,3647000000.0,43.4534542584798,20.1516685069317,58.424024329662,40.2479910464569
TDY.N,5670000000,1041600000.0,36.1793950331947,33.9218083348538,41.8015702986801,33.0235678700955
TECH.OQ,1219635000,,64.972673617326,39.5833333333333,88.8454199795399,60.1481760099706
TEL.N,15845000000,2983000000.0,66.7677510737499,79.9134298264245,83.4016387553793,31.6583237068412
TER.OQ,2819880000,552240000.0,60.6793480125452,45.7469003338103,70.0968554265046,63.0593979939941
TFC.N,,2709000000.0,73.0072722890234,56.43832198968,79.4137644332503,70.808129898937
TGT.N,106566000000,5634000000.0,81.2113318921019,88.6844717271272,90.4778908815043,65.2621281792466
TJX.N,56360000000,6302000000.0,68.8847023508063,93.5198585681912,70.393368819023,45.9920412393402
TKO.N,2804341000,774947000.0,15.0847074811341,0.0,29.5546123434797,1.06090190609019
TMO.N,42879000000,7716000000.0,79.5586416747851,76.2697936072164,91.203454675064,65.7611003226167
TMUS.OQ,81400000000,18359000000.0,58.5127851111391,78.132135562956,57.8255166485565,44.84963818137
TPL.N,705823000,534522000.0,47.5683819215161,23.4630157665213,50.5367119582644,77.6293970499745
TPR.N,7010700000,1408300000.0,74.3520347763706,71.4539604275537,76.1815521474093,73.7682748718473
TRGP.N,16381500000,2702600000.0,61.4292505434299,61.120607511669,42.3676939485506,88.8991034598678
TRMB.OQ,3683300000,574700000.0,58.6222922612677,66.1817612502715,80.4443917781734,37.5631992027866
TROW.OQ,7093600000,2415200000.0,60.4073127703819,46.3535126580815,76.5555201373252,50.9871888053197
TRV.N,,13555000000.0,67.1234729555891,54.7278722509314,65.8802474712219,72.7057695889033
TSCO.OQ,14883231000,1477232000.0,83.4562626343418,78.6999211443058,80.7241519776513,88.870111886794
TSLA.OQ,97690000000,7760000000.0,71.8947166422132,80.7427821161671,77.8464642589021,49.3563887657697
TSN.N,53309000000,1718000000.0,70.1990434227569,63.6798760190102,71.6357218036843,74.887866586498
TT.N,19838200000,3505100000.0,76.7954060533656,65.9998851648696,88.8451216222141,73.9515151515151
TTD.OQ,2444831000,427167000.0,15.2608951162758,0.0,30.0591805940319,7.0961956008685
TTWO.OQ,5633600000,-485600000.0,50.3927798489154,21.1074748154184,78.3734085518465,35.0839410869959
TXN.OQ,15641000000,5341000000.0,59.2007130100316,53.1243226253957,78.9908877494021,33.8385931516334
TXT.N,13702000000,893000000.0,67.0142876067515,63.1693963930807,60.7495426071995,78.3260843850586
TYL.N,2137803000,299526000.0,62.3390406228853,39.7057618758111,67.5404090692548,64.650068084856
UAL.OQ,57063000000,5336000000.0,56.8406556174405,43.8242721330957,54.1805929919138,75.0748807600232
UBER.N,43978000000,3977000000.0,77.6947037294106,66.4581637014092,67.4489049813311,89.8884368819905
UDR.N,1671842000,298733000.0,69.6922713933594,59.1546740059069,64.3749146863745,86.9785421425009
UHS.N,15827935000,1681814000.0,42.0628653888089,35.7437070938215,53.9227250575935,30.9906129337611
ULTA.OQ,11295654000,1564972000.0,58.5816343726262,44.1041578457109,60.7417253552676,63.4202715442602
UNH.N,,32287000000.0,76.1140543997952,73.3790999237224,69.0997142477406,85.898739820297
UNP.N,24250000000,9713000000.0,70.9981329883624,53.5878889211981,92.6840294207462,63.6987605068605
UPS.N,91070000000,8849000000.0,65.6681282833385,62.4644195664114,74.5211828677331,58.0036077839377
URI.N,15345000000,4065000000.0,79.2708190512352,71.379122010653,82.2722084335983,80.959898324401
USB.N,,11889000000.0,63.6819002159489,56.5355017879421,69.4274318749177,58.6243937459058
V.N,35926000000,24161000000.0,52.9487836085781,44.0615735646938,74.6548062806392,36.9236493208017
VICI.N,3849205000,3544934000.0,65.2247880465718,73.9983551393723,53.7018277118225,65.8077391970415
VLO.N,129881000000,3755000000.0,66.272143152588,65.3227403825762,70.2871238164384,60.5045516980727
VLTO.N,5193000000,1208000000.0,68.3254154119961,76.685598077363,72.5420525031602,57.0853623741963
VMC.N,7417700000,1396100000.0,57.2189639997372,68.205492120169,63.9295499139857,28.2282055427414
VRSK.OQ,2881700000,1254200000.0,76.6316488800068,67.1483102501034,79.4311756258381,77.0659468822897
VRSN.OQ,1557400000,1058200000.0,58.9314334075992,24.1816090175583,57.2853865263199,70.7738099834909
VRTX.OQ,11020100000,4395500000.0,56.6106403972871,59.4041387309824,69.1105286603063,35.8816863817318
VST.N,14761000000,4189000000.0,67.9615140523754,65.1454127334953,52.0276778660757,93.4628733366613
VTR.N,4924266000,792920000.0,80.4098175883115,87.3933874335373,75.0123907207862,77.3299035500582
VTRS.OQ,14739300000,1774700000.0,70.7691058509127,69.7768737286809,86.7625580292668,47.5954169851203
VZ.N,134788000000,31716000000.0,71.6949271718815,72.0010768629116,76.1793407746369,62.4664717943433
WAB.N,10387000000,1665000000.0,66.1802468264443,68.7969209279407,70.2205431825892,57.7429604599253
WAT.N,2958387000,839029000.0,75.7696411846598,78.6789758799882,72.1186226103567,79.2191261163391
WBA.OQ,147658000000,2532000000.0,87.6328224466316,88.7555643772439,93.1578359044003,77.9253018889214
WBD.OQ,39321000000,818000000.0,56.1620613437426,43.5570973749024,70.0802215513962,42.0381383932786
WDAY.OQ,8446000000,520000000.0,50.8124043075355,70.6180922184745,75.0126538984888,24.0315941198217
WDC.OQ,9520000000,2130000000.0,55.8640194025961,55.7555984555985,63.5786770538369,42.196564047048
WEC.N,8382700000,2164900000.0,63.2927995340561,70.8192102256776,63.6314338309644,50.0576767723188
WELL.N,7991118000,1178000000.0,76.5664601702492,71.3941968386722,74.6828459319878,84.3692718696792
WFC.N,,43382000000.0,72.1269290465637,78.711545530613,70.5680180076172,71.640915439937
WM.N,22063000000,4149000000.0,84.7382360147942,66.0752962653547,86.6729618384085,95.3301441758947
WMB.N,10503000000,3340000000.0,70.0518116182471,77.6780091416963,56.0622102165963,81.0509031676817
WMT.N,680985000000,29348000000.0,80.9234022496639,79.3287316049032,75.1450109392926,91.4124626881198
WRB.N,,2761024000.0,43.9357073409353,53.1687597644514,47.4945591918861,36.7060293736542
WSM.N,7711541000,1434084000.0,73.3176903549773,76.9609379943771,74.9663862157948,69.6641822454803
WST.N,2893200000,589600000.0,76.5189574575753,40.6546597705658,76.5398675095344,93.2280981431003
WTW.OQ,9930000000,2175000000.0,65.5821369023038,43.0324530304851,59.8537483403824,79.7818181818182
WY.N,7124000000,843000000.0,77.7914898017544,71.4525366093159,71.4887755067819,91.1044836143238
WYNN.OQ,7127961000,1256431000.0,56.2700427749032,49.0774288781535,65.7334056203126,48.5483510138637
XEL.OQ,13377000000,2386000000.0,73.391779147773,74.8182326724698,67.0517717482874,79.2088177751193
XOM.N,339247000000,43868000000.0,61.2999409497957,55.9264368866518,66.7975755045969,59.3769652863451
XYL.N,8562000000,1164000000.0,79.52670217867,68.7724853828234,83.9089340946202,86.6861693772179
XYZ.N,24121053000,2174568000.0,43.7697231048358,70.7672528315324,38.9447461143378,31.0367006728957
YUM.N,7549000000,2527000000.0,81.8090287678892,84.7036320653341,92.1186385747521,63.7394710898945
ZBH.N,7678600000,1558800000.0,59.2919870805929,33.8584884503252,66.4412616414648,61.7477416029031
ZBRA.OQ,4981000000,765000000.0,43.9554541775765,50.1839357454318,50.121510199132,29.178534116013
ZTS.N,9256000000,3393000000.0,69.1150457203212,64.7574714442184,72.8337180179531,66.753251033558
